{"cameraMode":{"drawMode":0,"name":"Shaded","section":"Shading Mode"},"sceneLighting":false,"audioPlay":false,"sceneViewState":{"showFog":true,"showMaterialUpdate":false,"showSkybox":true,"showFlares":true,"showImageEffects":true,"showParticleSystems":true},"in2DMode":false,"pivot":{"x":7.632602691650391,"y":-0.029849529266357423,"z":5.813878059387207},"rotation":{"x":0.6822890639305115,"y":-0.003289398504421115,"z":0.003070075996220112,"w":0.7310687899589539},"size":8.547990798950196,"orthographic":true}