{"cameraMode":{"drawMode":0,"name":"Shaded","section":"Shading Mode"},"sceneLighting":false,"audioPlay":false,"sceneViewState":{"showFog":true,"showMaterialUpdate":false,"showSkybox":true,"showFlares":true,"showImageEffects":true,"showParticleSystems":true},"in2DMode":false,"pivot":{"x":-0.6676559448242188,"y":2.800048828125,"z":-6.596586227416992},"rotation":{"x":-0.0017044579144567252,"y":-0.9958230257034302,"z":0.08926258981227875,"w":-0.019127096980810167},"size":120.50061798095703,"orthographic":true}