{"cameraMode":{"drawMode":0,"name":"Shaded","section":"Shading Mode"},"sceneLighting":false,"audioPlay":false,"sceneViewState":{"showFog":true,"showMaterialUpdate":false,"showSkybox":true,"showFlares":true,"showImageEffects":true,"showParticleSystems":true},"in2DMode":false,"pivot":{"x":-0.6676559448242188,"y":4.294796943664551,"z":-6.596586227416992},"rotation":{"x":0.49926650524139407,"y":-0.019491631537675859,"z":0.011235821060836316,"w":0.8661563396453857},"size":110.56605529785156,"orthographic":true}