{"cameraMode":{"drawMode":0,"name":"Shaded","section":"Shading Mode"},"sceneLighting":false,"audioPlay":false,"sceneViewState":{"showFog":true,"showMaterialUpdate":false,"showSkybox":true,"showFlares":true,"showImageEffects":true,"showParticleSystems":true},"in2DMode":false,"pivot":{"x":16.184675216674806,"y":-0.24795103073120118,"z":3.9296486377716066},"rotation":{"x":0.7320958375930786,"y":-0.0020426709670573475,"z":0.002197176218032837,"w":0.6811950206756592},"size":18.18019676208496,"orthographic":true}